<list>
  <Customers>
    <customerCode>4444t</customerCode>
    <type>C</type>
    <primaryContact>
      <personCode>4444t</personCode>
      <name>Hochstein, Tucker</name>
      <street>7200 Silverthorn dr</street>
      <city>Lincoln</city>
      <state>Ne</state>
      <zipCode>68521</zipCode>
      <country>USA</country>
      <email>Tucker.Hochstein@yahoo.com</email>
    </primaryContact>
    <company>DBI-Doing Better Inspections</company>
  </Customers>
  <Customers>
    <customerCode>75486</customerCode>
    <type>G</type>
    <primaryContact>
      <personCode>75486</personCode>
      <name>Connor, Sam</name>
      <street>7583 West Denton road</street>
      <city> Lincoln</city>
      <state>NE</state>
      <zipCode>68506</zipCode>
      <country>USA</country>
      <email> Sammaster6@gmail.com</email>
    </primaryContact>
    <company>University of Illinois</company>
  </Customers>
  <Customers>
    <customerCode>355b</customerCode>
    <type>C</type>
    <primaryContact>
      <personCode>355b</personCode>
      <name>Bobby, Ricky</name>
      <street>123 Victory Lane</street>
      <city>Daytona</city>
      <state>Fl</state>
      <zipCode>35812</zipCode>
      <country>USA</country>
      <email>R.Bobby@gmail.com</email>
    </primaryContact>
    <company>Menards</company>
  </Customers>
  <Customers/>
  <Customers/>
  <Customers/>
</list>
