<list>
  <Persons>
    <personCode>105a</personCode>
    <name>Martin, Steve</name>
    <street>555 West Arbor road</street>
    <city> Lincoln</city>
    <state> Ne</state>
    <zipCode> 68512</zipCode>
    <country>USA</country>
    <email>Martin_Steve@yahoo.com</email>
  </Persons>
  <Persons>
    <personCode>355b</personCode>
    <name>Bobby, Ricky</name>
    <street>123 Victory Lane</street>
    <city>Daytona</city>
    <state>Fl</state>
    <zipCode>35812</zipCode>
    <country>USA</country>
    <email>R.Bobby@gmail.com</email>
  </Persons>
  <Persons>
    <personCode>384z</personCode>
    <name> Ackerman, Taylor</name>
    <street>7200 Silverthorn Drive</street>
    <city>Lincoln</city>
    <state>NE</state>
    <zipCode>68521</zipCode>
    <country>USA</country>
    <email>T.Ackerman@yahoo.com</email>
  </Persons>
  <Persons>
    <personCode>75486</personCode>
    <name>Connor, Sam</name>
    <street>7583 West Denton road</street>
    <city> Lincoln</city>
    <state>NE</state>
    <zipCode>68506</zipCode>
    <country>USA</country>
    <email> Sammaster6@gmail.com</email>
  </Persons>
  <Persons>
    <personCode>4444t</personCode>
    <name>Hochstein, Tucker</name>
    <street>7200 Silverthorn dr</street>
    <city>Lincoln</city>
    <state>Ne</state>
    <zipCode>68521</zipCode>
    <country>USA</country>
    <email>Tucker.Hochstein@yahoo.com</email>
  </Persons>
</list>
